{
    "type": "ANN - Redes Neurais Artificiais",
    "accuracy": 0.9029202841357538,
    "precision": 0.9020458772473652,
    "recall": 0.9068245559364287,
    "f1_score": 0.9044289044289044
}